{"vocab": {"love": 44, "this": 65, "it": 42, "is": 38, "wonderful": 72, "and": 2, "great": 32, "love this": 45, "this it": 67, "it is": 43, "is wonderful": 41, "wonderful and": 73, "and great": 5, "absolutely": 0, "fantastic": 28, "highly": 36, "recommend": 57, "absolutely fantastic": 1, "fantastic highly": 29, "highly recommend": 37, "best": 12, "experience": 26, "ever": 22, "so": 60, "happy": 33, "best experience": 13, "experience ever": 27, "ever so": 23, "so happy": 61, "delightful": 18, "excellent": 24, "product": 55, "delightful and": 19, "and excellent": 4, "excellent product": 25, "terrible": 63, "hate": 34, "this is": 66, "is terrible": 40, "terrible and": 64, "and hate": 6, "hate it": 35, "awful": 9, "disappointing": 20, "bad": 11, "awful disappointing": 10, "disappointing and": 21, "and bad": 3, "worst": 74, "completely": 16, "useless": 69, "worst product": 75, "product completely": 56, "completely useless": 17, "regret": 58, "buying": 14, "very": 70, "poor": 54, "regret buying": 59, "buying this": 15, "this very": 68, "very poor": 71, "okay": 52, "nothing": 50, "special": 62, "is okay": 39, "okay nothing": 53, "nothing special": 51, "average": 7, "neither": 46, "good": 30, "nor": 48, "average neither": 8, "neither good": 47, "good nor": 31, "nor bad": 49}, "idf": [2.7047480922384253, 2.7047480922384253, 1.7884573603642702, 2.7047480922384253, 2.7047480922384253, 2.7047480922384253, 2.7047480922384253, 2.7047480922384253, 2.7047480922384253, 2.7047480922384253, 2.7047480922384253, 2.2992829841302607, 2.7047480922384253, 2.7047480922384253, 2.7047480922384253, 2.7047480922384253, 2.7047480922384253, 2.7047480922384253, 2.7047480922384253, 2.7047480922384253, 2.7047480922384253, 2.7047480922384253, 2.7047480922384253, 2.7047480922384253, 2.7047480922384253, 2.7047480922384253, 2.7047480922384253, 2.7047480922384253, 2.7047480922384253, 2.7047480922384253, 2.7047480922384253, 2.7047480922384253, 2.7047480922384253, 2.7047480922384253, 2.7047480922384253, 2.7047480922384253, 2.7047480922384253, 2.7047480922384253, 2.01160091167848, 2.7047480922384253, 2.7047480922384253, 2.7047480922384253, 2.01160091167848, 2.2992829841302607, 2.7047480922384253, 2.7047480922384253, 2.7047480922384253, 2.7047480922384253, 2.7047480922384253, 2.7047480922384253, 2.7047480922384253, 2.7047480922384253, 2.7047480922384253, 2.7047480922384253, 2.7047480922384253, 2.2992829841302607, 2.7047480922384253, 2.7047480922384253, 2.7047480922384253, 2.7047480922384253, 2.7047480922384253, 2.7047480922384253, 2.7047480922384253, 2.7047480922384253, 2.7047480922384253, 2.01160091167848, 2.7047480922384253, 2.7047480922384253, 2.7047480922384253, 2.7047480922384253, 2.7047480922384253, 2.7047480922384253, 2.7047480922384253, 2.7047480922384253, 2.7047480922384253, 2.7047480922384253], "coef": [[-0.10453951208481597, -0.10453951208481597, 0.07865466372868969, 0.17953147569124062, -0.120073565275401, -0.09095015433496954, 0.15044450768598744, -0.10764680221790326, -0.10764680221790326, 0.17953147569124062, 0.17953147569124062, 0.0611085398345609, -0.09219518371881816, -0.09219518371881816, 0.14777276081207563, 0.14777276081207563, 0.171701108709016, 0.171701108709016, -0.120073565275401, -0.120073565275401, 0.17953147569124062, 0.17953147569124062, -0.09219518371881816, -0.09219518371881816, -0.120073565275401, -0.120073565275401, -0.09219518371881816, -0.09219518371881816, -0.10453951208481597, -0.10453951208481597, -0.10764680221790326, -0.10764680221790326, -0.09095015433496954, -0.09219518371881816, 0.15044450768598744, 0.15044450768598744, -0.10453951208481597, -0.10453951208481597, -0.037553776947569575, -0.10998821918971115, 0.15044450768598744, -0.09095015433496954, -0.037553776947569575, -0.1708159752214669, -0.09095015433496954, -0.09095015433496954, -0.10764680221790326, -0.10764680221790326, -0.10764680221790326, -0.10764680221790326, -0.10998821918971115, -0.10998821918971115, -0.10998821918971115, -0.10998821918971115, 0.14777276081207563, 0.04388812860983166, 0.171701108709016, -0.10453951208481597, 0.14777276081207563, 0.14777276081207563, -0.09219518371881816, -0.09219518371881816, -0.10998821918971115, 0.15044450768598744, 0.15044450768598744, 0.15415066453245624, 0.15044450768598744, -0.09095015433496954, 0.14777276081207563, 0.171701108709016, 0.14777276081207563, 0.14777276081207563, -0.09095015433496954, -0.09095015433496954, 0.171701108709016, 0.171701108709016], [-0.0585197021894713, -0.0585197021894713, -0.15159604874109636, -0.06497842623827076, -0.05995399876061356, -0.05131705297042149, -0.053014653628357604, 0.21033233206541396, 0.21033233206541396, -0.06497842623827076, -0.06497842623827076, 0.12356409948278538, -0.05160952626363437, -0.05160952626363437, -0.05190955829304175, -0.05190955829304175, -0.0591700394578381, -0.0591700394578381, -0.05995399876061356, -0.05995399876061356, -0.06497842623827076, -0.06497842623827076, -0.05160952626363437, -0.05160952626363437, -0.05995399876061356, -0.05995399876061356, -0.05160952626363437, -0.05160952626363437, -0.0585197021894713, -0.0585197021894713, 0.21033233206541396, 0.21033233206541396, -0.05131705297042149, -0.05160952626363437, -0.053014653628357604, -0.053014653628357604, -0.0585197021894713, -0.0585197021894713, 0.09024658108845458, 0.22567499423249054, -0.053014653628357604, -0.05131705297042149, 0.09024658108845458, 0.14822017941052654, -0.05131705297042149, -0.05131705297042149, 0.21033233206541396, 0.21033233206541396, 0.21033233206541396, 0.21033233206541396, 0.22567499423249054, 0.22567499423249054, 0.22567499423249054, 0.22567499423249054, -0.05190955829304175, -0.10126631565525634, -0.0591700394578381, -0.0585197021894713, -0.05190955829304175, -0.05190955829304175, -0.05160952626363437, -0.05160952626363437, 0.22567499423249054, -0.053014653628357604, -0.053014653628357604, -0.116201235819369, -0.053014653628357604, -0.05131705297042149, -0.05190955829304175, -0.0591700394578381, -0.05190955829304175, -0.05190955829304175, -0.05131705297042149, -0.05131705297042149, -0.0591700394578381, -0.0591700394578381], [0.1630592142742873, 0.1630592142742873, 0.07294138501240667, -0.11455304945296987, 0.18002756403601455, 0.142267207305391, -0.09742985405762979, -0.10268552984751071, -0.10268552984751071, -0.11455304945296987, -0.11455304945296987, -0.18467263931734632, 0.14380470998245254, 0.14380470998245254, -0.09586320251903388, -0.09586320251903388, -0.11253106925117787, -0.11253106925117787, 0.18002756403601455, 0.18002756403601455, -0.11455304945296987, -0.11455304945296987, 0.14380470998245254, 0.14380470998245254, 0.18002756403601455, 0.18002756403601455, 0.14380470998245254, 0.14380470998245254, 0.1630592142742873, 0.1630592142742873, -0.10268552984751071, -0.10268552984751071, 0.142267207305391, 0.14380470998245254, -0.09742985405762979, -0.09742985405762979, 0.1630592142742873, 0.1630592142742873, -0.052692804140884994, -0.11568677504277937, -0.09742985405762979, 0.142267207305391, -0.052692804140884994, 0.022595795810940376, 0.142267207305391, 0.142267207305391, -0.10268552984751071, -0.10268552984751071, -0.10268552984751071, -0.10268552984751071, -0.11568677504277937, -0.11568677504277937, -0.11568677504277937, -0.11568677504277937, -0.09586320251903388, 0.05737818704542467, -0.11253106925117787, 0.1630592142742873, -0.09586320251903388, -0.09586320251903388, 0.14380470998245254, 0.14380470998245254, -0.11568677504277937, -0.09742985405762979, -0.09742985405762979, -0.03794942871308725, -0.09742985405762979, 0.142267207305391, -0.09586320251903388, -0.11253106925117787, -0.09586320251903388, -0.09586320251903388, 0.142267207305391, 0.142267207305391, -0.11253106925117787, -0.11253106925117787]], "intercept": [0.23119702394811464, -0.4730529595004525, 0.24185593555233828], "classes": ["negative", "neutral", "positive"]}